Distance_from_Road_m,Traffic_Density_vph,Road_Type,Wind_Speed_kmh,Humidity_pct,Construction_Activity,Vegetation_pct,PM2_5,PM10
190.4,1007.0,Arterial,20.2,64.3,Low,64.8,3.7,14.01
475.6,2755.0,Arterial,23.9,78.3,Low,17.2,10.08,15.84
367.3,4377.0,Residential,7.5,75.6,Medium,87.2,16.02,28.51
301.3,3688.0,Arterial,18.7,39.2,Low,61.3,2.0,5.0
82.2,4052.0,Arterial,17.2,39.0,Medium,15.7,27.25,57.14
82.2,3328.0,Residential,25.0,46.1,Low,96.2,2.0,5.0
33.8,3492.0,Arterial,27.2,51.7,Medium,51.8,26.39,55.75
433.8,4261.0,Residential,0.4,54.5,Medium,7.3,26.42,61.66
302.6,1323.0,Highway,20.2,70.8,Low,62.7,4.85,12.88
355.5,2498.0,Arterial,1.6,33.4,Low,25.3,10.08,16.54
15.2,1184.0,Highway,16.5,32.1,Low,80.4,13.78,18.98
485.1,4940.0,Highway,8.6,53.5,Medium,81.8,29.45,61.97
417.1,4726.0,Residential,9.2,71.8,Low,97.9,2.88,5.0
110.1,293.0,Highway,10.6,41.6,Medium,50.2,24.72,51.07
95.0,3557.0,Arterial,18.6,68.5,Low,45.5,15.15,25.61
95.8,4634.0,Arterial,10.0,45.6,Low,75.3,9.61,16.72
155.6,985.0,Arterial,22.0,83.2,Low,13.2,12.05,25.77
264.8,2883.0,Residential,12.1,83.7,Low,54.7,5.31,14.24
218.8,4586.0,Highway,2.1,47.8,Low,54.6,19.22,25.4
149.2,266.0,Arterial,23.5,43.8,Medium,8.9,27.25,62.98
307.9,3517.0,Residential,8.6,54.7,Medium,41.8,18.38,40.82
74.0,1557.0,Arterial,13.0,44.4,Low,85.3,3.21,8.3
149.6,4630.0,Residential,20.6,70.3,High,85.6,34.32,90.9
186.3,4858.0,Highway,10.0,79.6,Medium,9.9,42.1,76.04
230.8,4727.0,Arterial,1.7,70.4,High,9.1,60.73,134.5
393.7,2424.0,Arterial,11.2,79.5,Low,26.3,15.88,10.45
103.8,4324.0,Residential,28.3,53.8,Low,87.5,3.46,5.0
259.5,4238.0,Residential,19.3,39.4,Low,12.9,6.66,9.11
298.2,1664.0,Arterial,20.1,74.3,Medium,72.0,16.3,42.86
28.0,4162.0,Arterial,19.0,51.6,Low,10.1,12.45,16.84
305.7,281.0,Highway,6.0,70.3,Low,62.3,15.71,15.67
89.4,3022.0,Arterial,12.6,46.2,Low,35.6,13.43,16.05
37.2,1227.0,Arterial,22.5,34.9,Low,78.9,2.0,5.0
474.7,691.0,Residential,3.0,89.6,Medium,23.4,24.26,57.31
483.0,477.0,Arterial,8.3,39.4,Low,63.9,2.0,5.0
405.2,3512.0,Arterial,8.3,89.3,Low,23.6,15.85,29.56
155.8,1765.0,Highway,13.0,88.6,Medium,71.4,26.31,59.45
53.3,3651.0,Highway,29.4,77.6,High,87.4,47.55,109.59
343.7,420.0,Arterial,2.0,69.6,Medium,12.7,25.57,54.95
222.9,1645.0,Arterial,15.6,64.7,High,86.7,33.01,84.51
65.4,2744.0,Residential,5.4,82.0,Medium,59.4,23.87,53.26
250.1,3975.0,Arterial,29.1,47.4,Low,12.7,12.41,24.17
22.0,1662.0,Arterial,3.4,58.1,Low,42.8,14.57,25.28
455.1,3167.0,Highway,12.1,67.2,Medium,16.1,34.53,76.81
133.1,4441.0,Residential,22.1,54.7,Medium,70.0,15.04,39.04
332.9,3118.0,Residential,21.1,55.6,Medium,75.9,13.39,44.81
159.3,1242.0,Highway,12.7,49.8,Low,10.6,13.08,18.66
262.4,220.0,Residential,10.4,63.9,Low,50.6,2.0,10.36
275.6,4363.0,Arterial,11.9,81.0,Low,81.5,9.9,14.75
96.5,204.0,Highway,7.9,42.1,Low,93.6,8.68,16.56
484.9,4386.0,Arterial,6.2,86.1,Low,51.4,16.98,32.85
388.7,2692.0,Arterial,14.5,71.3,Medium,95.0,20.24,47.4
470.1,4701.0,Highway,8.1,79.4,Low,53.6,19.11,29.75
447.9,4014.0,Residential,8.6,63.4,Low,39.4,4.46,13.13
301.0,4990.0,Residential,19.7,76.8,Low,84.8,3.0,5.0
461.3,1818.0,Arterial,29.1,31.0,Medium,49.3,12.67,30.4
48.8,3859.0,Arterial,18.1,79.1,Low,47.2,12.67,29.73
102.0,2069.0,Arterial,2.3,32.4,Low,49.0,9.77,12.31
27.4,2451.0,Arterial,2.3,83.4,Low,84.7,10.29,16.23
166.0,3175.0,Arterial,28.5,89.5,Low,83.2,2.0,8.78
197.4,4381.0,Highway,8.9,47.6,High,40.4,51.85,116.73
139.3,4922.0,Arterial,2.8,42.6,High,33.3,53.51,117.22
415.2,3865.0,Residential,18.0,75.9,Low,49.2,2.0,5.0
181.6,2147.0,Arterial,18.7,45.2,Low,57.3,4.85,5.0
144.1,2165.0,Highway,19.5,81.9,Medium,23.8,35.95,70.49
273.6,3714.0,Residential,8.0,36.2,Low,79.4,5.73,9.82
74.8,1270.0,Arterial,0.5,37.6,Low,48.6,15.69,22.19
402.1,641.0,Arterial,29.0,88.7,Low,33.4,2.87,5.0
41.9,1838.0,Highway,7.5,70.4,High,10.7,59.86,139.75
493.5,1507.0,Arterial,20.3,80.8,Low,23.9,4.0,6.52
387.3,1552.0,Residential,21.2,49.5,Low,94.9,2.0,10.16
103.4,1245.0,Arterial,18.3,70.6,Medium,30.5,14.96,39.15
7.7,306.0,Arterial,9.4,65.7,Low,16.9,18.61,23.52
408.7,188.0,Residential,8.1,66.2,Low,46.1,4.23,7.69
354.9,4940.0,Residential,17.9,71.0,High,30.7,41.57,103.27
365.9,2196.0,Residential,26.0,64.5,Low,3.5,2.0,5.0
386.8,1983.0,Arterial,28.4,55.7,Medium,32.3,15.82,49.08
41.7,3430.0,Arterial,3.2,46.6,Low,54.4,16.44,21.54
182.4,1169.0,Residential,4.6,76.1,Low,55.2,7.19,5.0
62.4,4755.0,Residential,28.3,43.6,Low,35.7,2.0,9.64
432.2,3953.0,Highway,22.1,71.5,Low,44.7,14.47,19.18
313.5,538.0,Highway,26.5,44.0,Low,96.6,2.0,5.0
168.8,2146.0,Arterial,6.1,67.5,Medium,37.7,27.14,49.89
36.5,4408.0,Residential,17.6,74.8,Low,25.8,13.82,29.43
158.9,4729.0,Arterial,21.0,43.1,Low,24.3,12.16,11.79
166.0,2390.0,Arterial,20.4,33.6,Low,45.8,5.22,8.12
366.2,3106.0,Highway,12.2,37.9,Medium,76.0,24.38,59.14
320.6,918.0,Arterial,0.5,66.4,Low,20.6,14.32,23.59
444.2,4957.0,Residential,17.5,81.0,Low,70.9,5.68,8.22
238.7,1235.0,Arterial,7.6,32.7,Low,2.1,11.32,8.47
64.2,4719.0,Residential,13.5,74.0,Low,41.9,7.73,7.55
358.1,3283.0,Residential,28.7,50.5,Low,77.6,2.0,5.0
381.6,3078.0,Arterial,12.0,58.7,Medium,33.9,27.91,55.94
282.8,2612.0,Arterial,25.2,85.7,Low,56.4,5.13,8.71
386.6,1230.0,Arterial,5.7,49.9,Low,20.5,11.27,20.31
249.4,965.0,Residential,20.2,57.9,Low,74.2,2.0,7.81
263.8,1180.0,Arterial,29.3,30.8,Medium,5.2,21.54,44.19
216.6,1014.0,Arterial,3.1,34.9,Low,85.3,3.84,16.75
17.6,3920.0,Residential,0.2,45.5,Low,19.8,15.68,27.36
58.4,1816.0,Arterial,13.0,31.7,Low,87.4,2.0,5.0
20.6,383.0,Residential,2.8,67.9,Low,35.3,8.16,17.68
320.0,4849.0,Arterial,22.5,55.6,Low,72.3,5.99,20.82
160.6,4431.0,Highway,27.4,62.9,Low,31.9,16.58,17.68
256.7,4646.0,Arterial,13.0,40.5,Low,90.6,6.78,9.05
454.2,4975.0,Residential,7.8,47.8,Low,12.7,10.54,5.0
128.4,952.0,Arterial,13.0,69.8,Low,17.9,4.64,7.92
208.1,2042.0,Residential,21.7,87.9,Low,49.3,2.0,5.0
379.0,3815.0,Residential,0.3,33.0,Low,8.2,12.93,19.2
118.3,3511.0,Arterial,17.7,83.4,Medium,19.6,34.51,66.5
43.1,854.0,Residential,18.4,64.6,High,94.4,32.12,79.93
148.4,4098.0,Highway,19.1,63.8,High,97.6,46.85,114.15
84.8,1200.0,Arterial,7.3,60.0,Medium,37.6,28.41,67.9
465.2,1197.0,Highway,21.4,34.2,Medium,92.3,13.72,35.63
405.0,2731.0,Residential,2.7,35.4,Medium,54.5,20.05,50.27
318.5,3005.0,Arterial,6.0,66.1,Low,27.0,11.07,8.76
436.4,2942.0,Highway,26.3,50.5,Medium,70.2,23.92,56.17
402.8,548.0,Arterial,22.2,85.0,Low,65.9,2.0,5.0
97.4,4400.0,Arterial,0.4,54.4,Low,98.9,13.22,16.02
446.8,1401.0,Highway,7.5,38.6,Medium,26.5,25.29,52.13
272.0,735.0,Residential,6.4,72.9,Low,67.2,2.37,5.0
404.7,4455.0,Residential,8.1,47.6,Low,5.2,17.58,28.28
448.6,4783.0,Arterial,7.4,61.5,High,11.4,49.04,108.99
162.4,4324.0,Residential,1.9,71.9,Low,0.4,15.43,21.16
59.5,4067.0,Arterial,13.8,84.0,Low,99.9,10.7,15.84
117.8,3311.0,Residential,22.0,77.5,High,80.2,38.68,94.53
216.4,2799.0,Arterial,18.2,70.6,Medium,78.7,18.36,54.52
409.9,526.0,Arterial,20.2,70.8,Low,51.0,2.0,5.0
431.1,2101.0,Highway,2.4,86.8,Low,30.0,21.75,29.28
8.4,1926.0,Residential,28.5,47.7,Low,15.1,8.96,8.54
257.8,1373.0,Arterial,25.2,30.1,Medium,28.5,12.51,45.76
211.6,3645.0,Highway,24.2,46.3,Low,37.6,11.06,19.35
114.9,2530.0,Highway,24.7,43.1,Low,75.6,12.44,13.98
64.3,497.0,Arterial,28.0,69.7,Low,54.0,6.67,15.54
172.1,1179.0,Arterial,16.3,68.0,Low,7.7,12.59,19.89
471.7,3448.0,Residential,6.0,65.6,High,1.8,45.35,111.31
165.0,473.0,Residential,18.5,31.0,Low,10.2,2.0,5.0
261.8,4271.0,Highway,22.3,73.7,Medium,41.0,29.9,59.11
353.0,2526.0,Residential,22.1,49.4,Low,93.3,2.0,5.0
185.0,2455.0,Highway,15.6,69.9,Medium,63.7,24.26,51.66
486.0,3003.0,Residential,2.1,63.4,High,80.2,35.75,104.7
481.4,4141.0,Residential,11.1,50.6,Low,46.6,8.48,6.37
129.6,1804.0,Arterial,27.6,38.1,Low,36.2,3.73,13.28
251.1,3422.0,Residential,17.5,35.7,Low,10.8,10.36,14.98
153.9,2872.0,Arterial,16.1,79.9,Medium,87.6,19.03,48.05
146.0,1408.0,Arterial,8.1,85.1,Low,78.3,6.68,14.18
23.3,4405.0,Residential,11.1,69.0,Medium,16.8,28.12,57.03
306.7,4007.0,Arterial,26.9,36.2,Medium,51.2,20.21,52.63
253.8,3326.0,Arterial,20.0,54.1,Medium,48.7,17.97,31.42
30.5,4268.0,Arterial,23.6,73.7,Medium,62.5,25.52,52.69
142.9,4350.0,Residential,13.6,76.8,Low,94.6,2.0,5.0
454.6,3571.0,Arterial,18.9,37.1,Low,58.0,7.37,5.0
123.6,4201.0,Highway,7.5,30.0,Low,54.0,19.77,28.57
76.7,3518.0,Residential,21.2,72.7,High,5.0,39.92,103.81
247.3,3433.0,Residential,12.8,51.4,Medium,6.3,27.93,63.41
492.9,3131.0,Highway,13.3,45.3,Medium,18.7,37.76,75.84
124.8,3788.0,Arterial,19.5,30.8,Low,3.2,13.42,16.79
337.7,877.0,Highway,28.1,62.4,Low,74.3,2.0,5.0
382.0,4416.0,Arterial,1.9,81.1,Medium,72.3,36.65,73.6
122.6,4372.0,Arterial,24.7,87.5,Low,13.6,10.74,20.79
365.5,243.0,Residential,8.8,63.9,Low,83.6,2.0,6.88
187.1,4147.0,Arterial,13.3,60.9,Medium,15.5,30.86,64.44
318.0,731.0,Arterial,0.7,35.1,Low,30.1,12.51,14.29
318.6,1742.0,Arterial,9.0,62.9,Low,24.9,10.98,13.2
270.2,3743.0,Residential,15.1,52.8,Low,37.2,4.18,5.0
49.7,888.0,Arterial,1.7,66.4,Low,25.5,11.34,15.43
418.5,4108.0,Residential,14.7,53.3,High,48.9,38.47,101.04
163.8,4177.0,Arterial,27.8,44.4,Low,40.7,4.93,10.97
97.3,2587.0,Highway,3.2,35.7,Low,98.7,12.11,17.91
25.2,131.0,Arterial,22.9,48.9,Low,5.6,7.05,10.65
297.5,1506.0,Arterial,12.3,35.8,Medium,14.2,18.81,46.94
340.4,3123.0,Arterial,19.7,40.6,Low,5.3,13.95,18.35
13.2,4908.0,Highway,7.8,89.2,Low,62.6,23.88,31.19
258.5,3196.0,Highway,4.8,56.6,Low,5.5,17.32,17.21
117.1,1373.0,Residential,4.8,61.9,Low,83.6,2.0,5.0
324.4,3207.0,Arterial,2.1,82.4,Low,51.2,13.42,22.49
91.3,2746.0,Residential,5.6,89.7,Medium,52.7,18.75,42.61
347.0,3921.0,Arterial,19.9,65.0,Medium,56.2,23.79,52.49
196.4,624.0,Arterial,26.5,78.7,Low,17.1,2.0,5.33
468.7,3829.0,Arterial,24.4,49.6,Low,19.8,13.66,23.1
73.1,2752.0,Arterial,20.6,48.3,High,31.9,46.53,106.4
173.8,4819.0,Arterial,3.3,54.2,Low,59.3,13.89,25.82
61.2,1775.0,Arterial,8.7,70.4,Medium,21.0,26.87,63.94
462.7,3200.0,Highway,9.3,70.9,Low,11.6,18.4,21.95
439.3,4667.0,Arterial,7.5,48.9,High,97.0,44.49,104.62
132.7,602.0,Arterial,15.5,38.0,Medium,2.2,23.38,59.03
331.7,4692.0,Residential,16.1,67.9,High,80.3,37.67,97.77
409.5,3471.0,Residential,10.7,37.7,Medium,78.8,15.87,30.71
279.8,432.0,Residential,10.6,64.7,Low,29.7,2.0,5.0
267.2,1575.0,Residential,24.9,71.6,High,13.6,35.7,94.31
124.7,3570.0,Arterial,23.7,72.0,Low,14.6,6.26,5.0
51.1,430.0,Arterial,9.2,75.2,Low,69.7,9.89,12.77
449.1,2953.0,Residential,27.4,82.4,Medium,64.3,14.05,39.24
450.7,1795.0,Arterial,28.6,60.0,Medium,78.3,10.64,41.27
318.4,3142.0,Arterial,9.8,73.8,High,93.7,46.82,110.78
172.8,324.0,Highway,10.6,67.2,Low,69.2,8.84,18.63
177.9,4371.0,Arterial,15.2,41.2,Medium,15.6,26.21,64.46
364.3,4870.0,Arterial,28.2,31.5,Medium,24.3,26.18,64.44
449.1,4848.0,Residential,26.3,47.1,Low,84.2,2.0,5.0
444.1,3773.0,Arterial,3.1,56.6,Low,20.9,16.35,14.7
391.0,737.0,Arterial,11.8,67.0,Low,7.3,7.35,13.32
322.8,3815.0,Residential,16.6,81.0,Low,70.3,4.46,11.93
46.6,220.0,Highway,15.1,41.8,High,40.3,45.46,109.79
85.0,208.0,Arterial,5.8,37.5,Medium,92.0,19.11,55.38
449.8,1686.0,Highway,25.8,87.8,Medium,65.0,15.59,45.69
305.2,2494.0,Residential,20.3,36.5,High,9.0,37.07,100.44
9.6,3875.0,Residential,25.1,58.7,Low,94.8,9.12,19.11
55.2,3448.0,Arterial,25.8,65.1,Medium,25.9,24.48,56.38
333.4,2285.0,Residential,22.5,62.5,Low,33.7,2.0,5.0
7.5,1441.0,Arterial,13.2,35.2,Medium,40.2,26.04,54.56
84.6,4986.0,Residential,18.3,33.4,Low,5.1,8.09,18.12
276.6,2188.0,Residential,4.8,36.3,High,49.7,31.91,85.82
347.5,2312.0,Residential,20.2,65.1,Low,12.3,3.19,5.0
327.7,902.0,Highway,5.4,62.7,Low,40.1,13.13,14.47
116.0,3995.0,Residential,20.8,44.0,Medium,35.1,20.76,58.05
357.5,3499.0,Residential,6.9,68.3,Low,77.3,3.42,13.53
122.4,1182.0,Arterial,3.5,79.2,Medium,80.3,22.73,47.68
166.1,504.0,Residential,5.0,32.5,Low,15.3,7.44,11.9
374.5,3434.0,Arterial,0.1,59.9,Medium,36.7,28.75,57.73
326.6,3307.0,Residential,21.6,71.4,Low,37.3,2.0,6.07
425.4,1439.0,Highway,22.0,45.1,Low,15.1,9.08,16.16
330.5,4759.0,Residential,15.4,48.5,Low,79.8,4.45,10.74
286.3,840.0,Arterial,4.8,66.8,Low,70.7,9.41,15.78
51.4,2218.0,Highway,2.5,83.9,Low,19.0,21.17,46.44
187.0,4724.0,Arterial,0.6,78.6,Low,36.7,19.36,23.9
136.3,2157.0,Highway,5.0,65.0,Low,10.6,21.18,23.22
125.8,3229.0,Arterial,26.7,73.8,Low,62.8,3.19,5.0
486.6,2048.0,Arterial,7.2,51.9,Low,12.1,10.99,8.64
199.6,1444.0,Arterial,10.6,68.5,Medium,98.6,13.26,30.43
446.6,4921.0,Arterial,3.2,58.0,Low,78.1,6.47,5.0
317.4,2106.0,Arterial,6.7,41.4,Low,39.0,9.95,10.32
398.4,4481.0,Residential,15.6,72.1,Medium,57.9,18.98,41.69
253.8,1227.0,Highway,18.2,63.4,Low,91.1,5.57,10.94
290.6,1144.0,Residential,7.4,51.5,Medium,55.4,15.71,39.04
248.8,253.0,Residential,1.7,84.7,Low,17.4,3.5,5.0
101.6,3293.0,Arterial,11.7,31.3,Low,37.9,11.44,21.64
362.6,1906.0,Arterial,7.0,48.9,Low,84.3,2.0,5.0
144.0,4335.0,Residential,6.6,33.4,Medium,64.4,26.14,55.89
17.0,2419.0,Highway,28.8,76.0,Medium,65.1,23.64,55.29
324.5,4844.0,Highway,18.5,72.1,Low,86.7,11.92,8.17
92.7,1009.0,Arterial,16.7,49.9,Low,89.4,2.0,5.0
470.5,4356.0,Residential,12.5,70.5,High,92.0,38.7,101.78
477.2,3905.0,Highway,12.9,53.8,Low,9.5,17.36,28.49
457.9,3878.0,Arterial,16.2,75.4,Low,54.4,7.4,21.42
188.2,4239.0,Residential,20.9,57.3,High,74.1,39.74,102.4
12.7,3829.0,Residential,21.1,54.7,Medium,75.7,21.37,54.15
464.5,3168.0,Arterial,5.2,86.1,Low,60.7,12.29,17.46
217.0,743.0,Highway,15.0,45.1,Medium,16.7,23.86,55.27
483.5,259.0,Residential,12.4,37.2,Medium,79.7,4.12,32.51
482.0,4612.0,Arterial,26.1,65.1,Low,72.0,5.4,5.0
427.2,3122.0,Highway,18.9,88.2,Low,8.6,16.03,26.11
150.8,4003.0,Highway,16.0,52.7,Low,46.4,18.04,37.74
195.6,2459.0,Residential,3.5,33.7,High,17.4,43.02,107.95
426.3,675.0,Arterial,18.2,50.4,Medium,33.7,18.54,54.07
161.9,713.0,Residential,3.5,60.4,Low,1.8,3.15,5.0
88.9,3459.0,Residential,10.1,39.7,Medium,40.0,28.53,60.64
280.6,2208.0,Arterial,4.3,69.5,Low,55.0,9.33,14.17
468.4,1083.0,Arterial,20.8,89.9,Low,62.0,4.02,5.0
349.5,2509.0,Arterial,6.2,57.1,Low,66.3,5.15,5.0
287.2,415.0,Arterial,11.8,51.3,Low,83.6,2.0,5.0
53.1,2952.0,Arterial,26.9,54.0,Medium,21.5,21.5,54.36
309.4,1418.0,Residential,6.1,36.9,Low,12.0,6.52,14.14
495.1,4008.0,Arterial,15.2,83.0,Medium,85.2,20.6,50.52
74.3,1621.0,Residential,12.6,54.9,Low,15.7,7.09,14.76
261.6,2331.0,Arterial,0.5,53.2,Low,97.5,8.37,11.73
439.3,157.0,Arterial,23.8,69.6,High,84.3,27.36,89.05
371.7,455.0,Arterial,2.1,56.5,Low,50.1,4.21,6.36
350.0,2023.0,Arterial,14.2,68.9,Low,98.1,3.06,5.0
352.7,2452.0,Residential,16.8,33.7,Low,9.7,10.13,13.86
182.9,3040.0,Arterial,18.9,78.8,Medium,30.3,25.49,59.66
150.3,1529.0,Arterial,20.7,86.4,Low,63.8,6.53,7.7
405.6,3505.0,Highway,7.6,68.9,Low,35.0,17.34,30.89
406.0,4315.0,Arterial,0.3,87.3,Low,92.8,17.43,20.48
434.2,3921.0,Arterial,21.7,39.1,Low,6.6,5.24,5.0
457.1,294.0,Arterial,16.1,58.6,Medium,54.9,16.24,45.79
258.1,2454.0,Residential,25.1,66.1,Low,59.1,2.0,5.0
253.3,614.0,Arterial,24.6,64.9,Low,65.3,2.0,5.0
400.2,1286.0,Residential,25.3,54.1,Low,25.6,2.0,7.45
326.7,4935.0,Arterial,14.6,50.3,Low,36.5,13.21,16.77
352.5,798.0,Arterial,10.0,37.6,High,84.4,34.45,92.67
398.9,2545.0,Highway,23.7,53.5,Low,19.5,11.39,24.08
445.6,3129.0,Arterial,13.5,39.8,High,82.7,48.01,121.71
172.3,3542.0,Arterial,5.5,74.1,Low,56.3,12.43,26.5
190.9,2842.0,Arterial,25.6,42.5,Low,76.2,3.51,5.0
51.5,148.0,Highway,26.5,33.5,Medium,71.4,17.02,49.69
291.2,1700.0,Highway,14.0,63.1,Low,20.8,14.82,17.48
22.8,2637.0,Arterial,2.3,65.7,Medium,56.9,30.14,58.67
235.5,531.0,Residential,11.6,82.3,High,86.8,30.85,76.52
273.6,1818.0,Arterial,24.1,64.6,Low,43.2,9.54,22.67
146.8,263.0,Arterial,27.1,50.7,Low,96.7,2.0,5.0
297.5,485.0,Highway,6.1,78.2,Medium,45.2,27.54,58.68
20.1,2045.0,Arterial,2.0,62.4,Low,14.3,12.17,13.7
23.5,750.0,Arterial,26.3,34.8,Low,38.9,3.97,9.43
412.2,2881.0,Arterial,11.7,64.0,Low,95.2,12.0,16.12
183.3,3478.0,Arterial,16.3,84.5,Low,32.0,11.98,11.45
67.9,4023.0,Highway,29.0,53.8,Medium,86.8,28.19,62.49
263.5,1081.0,Highway,2.0,47.8,Low,88.1,13.31,12.79
386.1,921.0,Arterial,19.4,38.6,Low,35.0,3.17,5.0
111.8,612.0,Highway,2.2,39.1,Medium,8.3,29.7,52.02
313.3,3219.0,Highway,11.3,56.0,Low,72.5,4.8,5.0
47.2,3562.0,Arterial,24.1,65.7,Low,31.2,14.36,22.43
30.6,255.0,Residential,13.0,34.8,Medium,78.3,11.17,24.93
268.0,4687.0,Arterial,29.9,86.4,Low,44.3,9.63,7.04
272.6,355.0,Arterial,16.8,75.3,Medium,48.5,14.62,39.91
320.5,2752.0,Arterial,9.6,65.2,Medium,77.8,20.75,46.41
364.4,3574.0,Residential,6.6,79.7,Low,38.2,8.63,22.9
488.0,4368.0,Arterial,10.5,34.8,Low,44.3,11.31,26.14
260.6,3599.0,Highway,11.2,58.6,Low,37.6,13.54,15.96
164.9,4028.0,Arterial,2.1,67.8,Low,36.7,20.52,33.57
398.6,1763.0,Highway,11.1,79.7,Medium,52.6,25.16,59.48
139.1,4093.0,Arterial,13.9,77.0,Medium,80.9,19.86,44.81
222.3,493.0,Arterial,21.7,46.6,Low,36.2,2.05,5.0
43.8,4485.0,Residential,19.7,86.5,Medium,52.4,24.64,54.89
17.5,2783.0,Arterial,21.3,37.5,High,67.1,43.99,107.13
481.5,4105.0,Residential,0.3,82.5,High,26.9,51.29,116.76
418.8,2316.0,Residential,6.5,88.3,Low,27.8,6.52,12.0
349.5,3254.0,Highway,19.9,40.6,Low,93.3,6.17,5.5
207.4,2679.0,Arterial,14.5,73.3,Low,72.4,3.44,5.0
90.8,3685.0,Arterial,0.2,32.4,High,57.7,51.59,119.94
82.4,500.0,Arterial,24.1,54.3,Low,64.8,2.0,5.0
128.9,396.0,Arterial,23.2,61.0,Low,2.9,5.6,5.0
276.9,1311.0,Residential,16.5,64.8,Low,61.8,2.0,7.64
358.7,882.0,Residential,2.0,86.2,Low,51.0,7.94,5.0
331.8,4372.0,Arterial,23.0,70.3,Low,54.6,4.61,5.0
143.6,1174.0,Arterial,17.5,58.9,High,35.9,39.72,100.29
477.7,4882.0,Residential,23.5,78.6,Low,8.1,9.57,11.18
370.3,1751.0,Residential,22.6,87.0,Low,19.3,2.0,5.0
279.4,992.0,Residential,24.1,31.3,Low,95.1,2.0,12.36
307.8,3970.0,Highway,15.5,89.0,Low,40.9,10.8,11.95
212.7,3328.0,Arterial,4.2,35.2,Low,46.7,13.92,33.08
127.6,2541.0,Highway,20.1,78.9,Low,5.3,16.11,26.35
181.2,2821.0,Arterial,18.6,46.8,Low,3.8,20.4,31.05
380.1,3624.0,Highway,22.3,37.9,Low,71.7,5.42,10.52
12.1,1219.0,Arterial,5.1,56.4,Low,53.8,10.44,28.3
62.5,4982.0,Arterial,5.8,68.6,Low,50.9,16.56,19.87
27.8,4876.0,Highway,26.7,52.9,High,24.3,55.96,120.34
25.2,3287.0,Arterial,22.5,33.3,High,74.5,41.1,99.88
428.5,1078.0,Arterial,27.2,66.0,Low,16.8,5.31,8.12
353.3,3433.0,Arterial,22.8,84.1,Low,19.0,7.67,5.0
239.7,454.0,Highway,17.9,53.0,High,46.1,38.46,99.81
53.4,250.0,Arterial,19.6,43.0,Low,28.6,2.0,11.47
248.3,1363.0,Residential,26.7,56.6,Medium,24.7,7.37,29.81
239.4,2367.0,Highway,17.4,32.9,High,64.5,42.2,103.83
90.7,4355.0,Highway,19.0,79.2,Low,65.1,15.53,20.2
219.8,3663.0,Arterial,4.7,79.6,Low,82.5,8.96,17.94
202.3,3739.0,Residential,14.2,65.3,High,41.8,45.4,105.97
309.8,2185.0,Arterial,21.5,51.2,Low,7.3,11.96,27.17
319.4,1795.0,Arterial,8.1,78.0,Low,27.4,9.77,24.32
27.4,1918.0,Arterial,6.1,63.3,Low,98.0,3.3,6.24
190.4,4939.0,Arterial,9.4,79.6,Low,59.6,12.86,19.23
314.8,297.0,Highway,7.2,67.9,Medium,71.0,21.41,55.26
254.1,4348.0,Arterial,6.4,77.1,Medium,0.7,32.49,72.21
429.0,2936.0,Residential,12.7,65.9,High,51.8,35.94,91.88
331.1,2249.0,Arterial,27.2,54.8,Low,3.8,5.12,5.05
85.7,3654.0,Residential,15.2,87.5,Low,56.9,6.34,5.0
39.9,2485.0,Residential,5.6,62.5,Low,92.1,2.86,6.34
323.0,4380.0,Highway,2.3,66.3,Low,96.8,15.76,26.98
18.1,4513.0,Residential,20.9,43.2,Low,54.1,9.7,7.8
295.0,2166.0,Highway,11.5,67.5,High,45.8,45.57,108.08
470.4,1456.0,Arterial,24.7,64.3,Medium,94.5,15.78,34.94
289.9,3003.0,Highway,19.8,41.1,Low,67.4,6.1,5.0
197.1,4571.0,Highway,23.9,33.6,Medium,6.5,27.57,62.12
323.4,1132.0,Arterial,8.2,66.3,Low,46.6,8.05,8.41
231.8,3153.0,Arterial,20.8,75.8,Low,24.0,8.11,10.66
275.1,3195.0,Arterial,7.9,61.4,Medium,47.0,27.11,50.52
471.0,3692.0,Arterial,28.2,43.6,Low,45.5,2.0,5.0
196.1,745.0,Highway,19.1,70.0,High,58.2,47.05,112.35
480.8,3608.0,Highway,9.7,34.8,Medium,35.7,32.13,62.55
453.1,4554.0,Arterial,8.1,56.5,Low,16.4,11.13,15.75
101.9,980.0,Arterial,5.7,39.8,Medium,50.4,18.49,46.64
39.3,1264.0,Residential,20.8,41.1,Low,83.0,2.65,5.0
54.9,4860.0,Arterial,6.6,42.1,Low,66.4,12.96,12.06
14.0,987.0,Residential,17.9,53.2,Low,33.8,2.97,13.48
51.7,4286.0,Arterial,7.9,33.1,Low,93.6,3.76,5.0
343.1,2512.0,Arterial,19.9,53.9,Medium,91.2,14.9,39.87
40.2,1311.0,Arterial,24.4,60.7,Low,20.9,8.11,17.22
162.9,4367.0,Arterial,23.3,59.0,Medium,3.9,31.23,82.5
423.2,2282.0,Arterial,22.8,53.0,Low,74.1,2.0,5.0
16.5,2623.0,Residential,5.6,80.3,Low,82.8,4.01,8.26
408.2,1860.0,Arterial,2.7,38.7,Medium,96.8,19.51,43.72
144.5,3005.0,Residential,21.0,60.3,Low,89.0,2.0,5.0
63.5,901.0,Residential,11.1,33.7,Low,60.1,2.0,5.0
349.9,2016.0,Residential,13.0,34.3,Low,53.0,3.08,5.0
316.3,4850.0,Residential,0.9,64.4,Low,2.8,15.96,23.73
439.3,1365.0,Arterial,7.8,64.0,Low,24.7,12.23,10.97
368.9,3318.0,Arterial,1.0,82.7,Medium,46.0,28.83,65.98
402.7,1693.0,Arterial,26.4,63.5,Low,62.9,2.0,5.0
144.6,3890.0,Arterial,7.3,87.6,Low,55.7,13.98,23.08
92.8,741.0,Arterial,16.7,32.9,High,74.3,39.78,99.34
376.6,4852.0,Residential,1.2,35.9,Low,28.0,8.8,11.37
404.4,2324.0,Arterial,20.0,32.6,Medium,56.5,16.45,44.12
495.3,1257.0,Arterial,9.7,41.1,Low,8.8,7.84,5.94
209.2,460.0,Highway,26.9,62.5,Low,41.4,2.0,5.0
189.1,932.0,Arterial,26.6,68.7,Medium,75.0,19.32,42.69
389.3,2647.0,Highway,9.8,32.7,Low,69.3,7.43,6.69
173.7,1751.0,Residential,27.0,86.8,Medium,99.1,11.02,23.98
465.7,4162.0,Arterial,29.9,80.5,Low,27.8,8.05,18.78
429.9,2211.0,Highway,24.8,47.8,Low,49.8,11.04,13.13
217.4,1319.0,Highway,25.3,34.6,Low,33.0,8.92,19.19
376.7,3124.0,Arterial,7.5,40.2,Low,44.1,9.04,18.9
378.5,3563.0,Arterial,17.3,37.6,Medium,85.7,15.69,35.1
56.0,919.0,Arterial,2.0,37.4,Low,68.4,10.57,10.41
451.8,921.0,Highway,2.8,61.1,High,88.2,37.37,110.86
255.1,280.0,Arterial,30.0,44.8,High,20.4,37.62,107.18
414.1,3708.0,Arterial,9.8,51.5,Low,87.3,2.96,5.0
163.4,3353.0,Arterial,22.4,89.4,Low,6.0,17.39,27.38
448.3,2426.0,Arterial,24.2,71.1,Medium,88.9,15.53,38.14
197.7,4236.0,Arterial,25.7,86.9,High,32.9,48.16,116.4
10.4,4048.0,Arterial,29.9,38.6,Low,31.5,13.28,16.34
453.2,2968.0,Residential,7.2,52.9,Low,51.2,2.0,5.0
50.2,4355.0,Arterial,1.2,63.3,Low,94.1,11.65,10.87
163.1,1109.0,Arterial,12.3,34.6,Medium,4.8,26.59,57.98
475.3,648.0,Highway,3.9,30.3,Low,35.2,11.28,11.27
475.6,1422.0,Arterial,0.7,70.2,Medium,85.7,23.8,53.36
288.9,380.0,Highway,10.8,68.5,Low,39.6,11.85,12.4
317.8,2703.0,Arterial,23.5,54.6,Low,19.9,4.66,5.0
227.0,4689.0,Residential,17.0,59.4,Low,42.5,4.76,11.4
150.1,293.0,Arterial,9.4,54.9,Low,38.6,6.93,11.64
167.7,698.0,Highway,19.6,31.4,Low,91.5,2.0,5.0
337.9,2316.0,Highway,7.0,50.1,Low,76.2,15.8,28.09
377.4,4676.0,Arterial,0.4,40.6,Low,50.5,15.66,25.89
396.8,1649.0,Highway,22.9,35.9,Low,98.8,5.04,14.79
395.9,2585.0,Highway,18.7,87.4,Low,46.5,7.57,9.05
50.1,304.0,Residential,22.9,66.0,High,5.8,42.33,103.34
249.7,827.0,Arterial,1.2,73.7,Low,26.2,18.01,20.51
33.5,4934.0,Arterial,25.1,48.9,Low,43.6,9.38,11.92
277.0,4829.0,Residential,18.6,53.6,Low,15.7,11.25,21.7
223.6,124.0,Highway,16.9,44.2,High,94.8,37.09,104.13
444.4,4764.0,Residential,18.7,35.8,Low,76.7,2.0,7.8
178.7,3232.0,Arterial,25.9,40.7,Medium,26.8,24.13,45.23
62.9,4353.0,Residential,17.6,77.9,Medium,59.1,25.59,61.8
75.8,2328.0,Arterial,17.4,70.7,Medium,72.1,20.26,39.2
381.9,2626.0,Residential,29.7,62.8,Low,94.1,2.0,7.49
311.0,2495.0,Residential,22.7,58.5,Medium,88.2,5.8,24.87
55.1,3368.0,Arterial,13.3,85.3,Low,51.5,9.33,17.51
46.6,784.0,Residential,21.2,34.4,Low,77.5,2.0,5.0
352.0,247.0,Arterial,11.7,46.8,Medium,56.2,17.05,49.44
41.0,1609.0,Arterial,6.9,51.0,Low,55.3,8.55,5.51
411.8,3553.0,Arterial,17.9,76.9,Medium,11.5,29.82,59.38
354.6,1089.0,Arterial,27.8,89.6,Low,12.6,6.89,5.34
45.3,3400.0,Highway,27.9,44.4,Medium,53.0,30.27,54.63
47.0,4853.0,Arterial,10.3,82.5,Low,26.9,19.95,30.4
493.4,560.0,Arterial,15.8,79.8,Low,2.1,9.55,23.36
190.3,3396.0,Residential,6.3,43.5,Low,72.3,2.99,17.82
188.5,2274.0,Residential,29.9,54.0,High,3.2,43.63,107.94
407.3,4354.0,Arterial,29.4,54.6,Low,59.5,2.19,8.87
473.9,968.0,Arterial,19.5,88.7,Low,53.9,9.12,14.84
493.1,3494.0,Arterial,24.1,40.9,Low,96.9,2.0,5.49
377.9,4207.0,Highway,21.5,77.9,Medium,48.4,25.03,53.84
191.2,4729.0,Highway,17.8,50.1,Low,6.4,24.57,37.83
46.3,3448.0,Arterial,1.6,73.9,Low,55.2,17.25,28.57
389.7,2536.0,Arterial,13.6,55.2,Low,84.1,5.95,6.03
281.4,3127.0,Residential,20.2,64.7,Low,99.7,2.0,5.0
215.0,4358.0,Arterial,20.3,80.0,Low,43.0,12.58,18.57
453.6,2896.0,Arterial,11.2,78.2,Low,32.0,9.13,17.82
60.0,249.0,Arterial,28.3,82.0,Medium,90.7,16.76,37.81
248.8,4662.0,Highway,5.0,33.6,Low,19.1,21.54,32.06
10.6,3479.0,Arterial,15.0,71.5,Low,61.5,17.03,35.1
237.0,3415.0,Arterial,20.7,38.4,Low,40.6,2.0,8.82
32.9,1157.0,Arterial,20.9,54.9,High,4.1,47.67,120.25
63.8,3329.0,Arterial,19.5,62.9,High,34.7,45.23,109.97
63.2,2030.0,Residential,8.3,54.2,Medium,26.5,28.27,62.02
326.4,3291.0,Residential,4.7,61.2,Low,68.6,6.66,15.0
374.3,622.0,Arterial,19.1,89.8,Low,94.9,2.0,10.8
293.8,3323.0,Arterial,18.0,38.1,Low,26.8,10.56,6.09
481.3,4997.0,Arterial,5.4,70.5,Low,81.1,8.44,6.08
190.6,336.0,Arterial,21.2,53.8,Low,5.5,10.82,22.78
146.4,4888.0,Arterial,13.7,38.0,Medium,53.8,33.19,66.39
435.0,2094.0,Highway,20.0,39.5,Medium,7.1,28.47,57.35
115.7,4367.0,Arterial,25.1,87.0,Medium,93.4,26.46,51.41
481.8,3934.0,Arterial,5.1,82.8,Low,76.6,8.75,10.35
11.0,2878.0,Arterial,0.6,84.4,Medium,65.8,30.86,57.28
485.1,3718.0,Residential,23.4,89.5,Low,82.4,2.0,13.46
26.4,4405.0,Residential,18.3,42.5,Low,64.8,8.66,12.88
446.1,2080.0,Residential,21.0,51.3,Medium,96.9,7.35,28.74
266.2,1702.0,Arterial,25.1,70.2,Low,71.4,2.67,6.94
496.5,3371.0,Residential,24.1,59.0,Low,92.5,2.0,7.81
41.5,4058.0,Highway,28.8,55.1,Low,51.7,11.56,22.07
279.2,3835.0,Residential,16.1,51.5,Medium,11.7,24.54,60.17
484.8,4009.0,Highway,14.7,65.6,Medium,52.8,31.84,62.61
263.9,2234.0,Residential,12.1,64.5,Low,12.7,7.17,9.26
316.6,4107.0,Arterial,4.6,39.7,Medium,59.2,29.83,66.59
349.4,689.0,Residential,17.2,58.3,Low,48.2,2.0,5.0
230.0,2768.0,Residential,8.3,63.2,Low,62.3,5.5,8.22
315.6,128.0,Highway,27.6,64.2,Medium,1.0,20.05,50.07
294.2,1690.0,Arterial,17.5,42.6,Medium,19.5,18.6,49.82
451.1,1896.0,Residential,17.8,74.5,High,49.1,33.15,82.83
27.5,2041.0,Arterial,10.6,31.5,Low,95.1,3.43,8.72
144.1,3508.0,Residential,1.6,51.3,Medium,38.4,23.68,52.35
475.5,2004.0,Arterial,1.0,76.8,Medium,42.4,25.34,59.55
445.7,2299.0,Arterial,12.7,63.8,High,71.5,42.14,109.09
230.6,1264.0,Arterial,2.5,45.7,Low,60.4,6.16,17.28
312.0,1929.0,Arterial,18.2,71.7,Medium,29.9,17.74,51.38
142.3,1214.0,Residential,26.4,64.0,Low,41.1,2.08,9.86
98.1,459.0,Arterial,26.5,77.8,Low,21.8,2.98,11.69
234.5,3057.0,Arterial,19.8,74.1,Low,96.6,3.13,6.15
179.9,3374.0,Arterial,6.3,66.6,Low,13.1,17.81,26.88
293.9,3136.0,Arterial,25.9,59.3,Low,37.2,6.98,14.83
43.5,2371.0,Residential,26.6,38.0,Medium,2.6,24.1,57.81
487.3,1961.0,Residential,5.9,45.7,Low,22.2,6.27,7.86
493.2,4330.0,Arterial,22.1,55.1,Medium,78.0,16.99,45.5
350.6,2644.0,Residential,8.6,66.0,Low,20.1,13.81,20.53
270.4,2448.0,Residential,24.1,60.8,Low,8.0,4.29,5.0
158.2,226.0,Arterial,29.9,47.3,Low,47.4,2.0,9.45
407.8,1772.0,Residential,0.9,30.4,Low,1.0,10.56,16.11
343.9,1963.0,Arterial,26.9,59.8,Low,8.5,7.05,20.82
85.5,2054.0,Highway,18.7,47.1,Low,80.8,10.06,6.97
455.9,2943.0,Residential,29.2,74.1,Low,77.1,3.34,5.0
412.2,2715.0,Arterial,14.0,31.4,Low,91.5,2.0,5.0
475.2,3079.0,Residential,25.4,65.1,Low,85.5,2.0,8.69
364.2,3848.0,Residential,1.9,86.5,Low,68.3,8.18,14.26
308.6,4084.0,Highway,10.1,40.5,Low,5.2,23.39,36.64
212.0,3619.0,Residential,2.0,58.3,High,78.3,36.48,91.08
466.7,4782.0,Arterial,29.3,35.5,Medium,84.6,10.91,28.58
433.7,189.0,Arterial,24.5,67.5,Medium,79.9,9.5,33.86
27.4,1059.0,Arterial,25.6,63.0,Low,50.8,2.0,5.0
18.1,137.0,Residential,28.1,54.4,Medium,23.3,15.06,37.93
191.3,3273.0,Highway,2.6,61.3,Medium,84.5,31.38,67.57
406.2,4500.0,Arterial,11.6,83.8,Medium,72.7,22.76,47.22
493.7,1293.0,Arterial,2.1,41.8,Low,98.1,2.0,11.03
79.5,4642.0,Residential,6.3,31.4,Medium,15.6,28.83,67.37
299.1,395.0,Arterial,6.9,81.7,Medium,22.6,26.73,50.24
193.5,4679.0,Highway,14.1,64.6,Low,21.2,15.62,18.77
485.1,1823.0,Arterial,8.1,83.4,Medium,79.3,22.56,40.42
421.8,597.0,Arterial,3.0,65.8,Low,18.7,12.06,14.18
420.0,2481.0,Residential,5.0,78.6,Low,6.7,12.5,22.57
237.0,1358.0,Arterial,4.4,55.8,Low,99.9,6.91,8.29
210.3,1496.0,Arterial,29.2,75.0,Medium,2.5,28.63,63.26
140.3,1606.0,Residential,22.8,84.8,Low,83.5,2.0,5.0
32.9,4035.0,Highway,29.0,64.3,Low,36.5,17.2,29.8
433.0,2742.0,Residential,13.2,40.8,Low,84.2,2.0,5.0
407.4,1625.0,Arterial,8.4,46.1,Low,55.5,5.49,8.29
499.9,3091.0,Residential,23.9,41.9,Low,90.2,2.0,5.0
498.3,3609.0,Arterial,9.8,44.8,Medium,92.6,15.8,35.34
279.9,1436.0,Highway,9.0,48.4,Medium,0.9,28.65,55.2
385.6,2126.0,Residential,7.0,63.3,Low,7.5,11.79,22.52
472.7,697.0,Residential,3.9,65.3,Low,25.0,6.73,12.09
425.6,988.0,Residential,7.7,55.6,Low,66.9,2.0,8.25
127.4,3437.0,Highway,10.7,66.9,Medium,88.8,30.99,66.11
228.0,989.0,Residential,20.2,34.9,Low,46.0,2.0,5.0
68.9,2673.0,Residential,1.9,35.3,Low,60.7,11.48,8.59
477.3,3574.0,Arterial,6.3,40.3,Low,18.8,13.27,18.55
305.1,624.0,Residential,24.3,61.1,Medium,80.5,10.6,33.76
118.2,2880.0,Residential,4.4,42.8,Medium,96.7,25.27,65.67
337.5,1357.0,Arterial,10.3,47.0,Medium,26.9,24.44,58.09
311.0,4818.0,Highway,25.9,54.0,Medium,49.5,28.27,68.08
182.3,2469.0,Arterial,4.6,78.7,Low,8.6,18.36,30.53
61.2,4049.0,Highway,2.5,30.8,Low,55.9,18.95,24.86
337.4,2796.0,Arterial,14.5,69.0,Low,50.3,15.17,23.34
262.6,313.0,Arterial,9.1,70.1,Low,14.4,9.36,15.22
387.3,3202.0,Highway,16.9,77.9,Low,44.2,13.07,14.9
262.5,4762.0,Arterial,24.1,86.0,Low,33.4,9.59,12.47
426.8,3048.0,Highway,4.1,31.2,Low,52.2,17.38,25.04
278.2,4114.0,Residential,17.4,39.2,High,58.6,40.44,110.69
282.7,4433.0,Residential,15.2,83.2,Medium,0.8,25.6,46.0
438.9,1218.0,Highway,4.3,57.5,Medium,76.1,25.96,62.97
204.7,1139.0,Residential,18.7,63.9,Medium,71.3,7.55,24.64
71.3,3094.0,Arterial,8.2,69.8,Low,36.6,15.54,16.45
19.2,2114.0,Arterial,14.6,70.7,Medium,5.3,33.19,73.68
378.8,4215.0,Highway,2.5,85.9,Low,75.5,22.68,37.68
312.1,4510.0,Arterial,13.8,89.8,Medium,95.5,21.02,55.8
353.5,1832.0,Residential,9.2,73.2,Low,24.0,2.0,7.0
110.4,1261.0,Residential,24.7,47.2,High,32.4,32.13,100.5
72.5,3925.0,Highway,1.7,82.8,Low,18.4,22.03,35.84
12.2,1447.0,Highway,12.6,33.0,Low,57.7,18.85,27.5
178.5,4131.0,Arterial,13.8,43.9,High,15.5,54.05,124.78
297.0,2176.0,Arterial,21.8,83.8,Low,35.6,8.02,18.25
199.2,3371.0,Arterial,17.2,45.4,Medium,69.7,24.94,51.51
221.6,568.0,Arterial,20.0,43.2,Medium,56.0,16.28,39.17
452.6,3157.0,Residential,23.3,38.3,Medium,38.6,14.85,38.73
177.4,2314.0,Residential,25.9,81.5,High,42.0,35.38,84.54
259.4,2974.0,Arterial,9.4,60.0,High,56.2,43.45,107.86
392.9,923.0,Residential,16.1,70.5,Low,0.6,2.0,5.0
201.3,3711.0,Arterial,25.2,44.3,Medium,7.9,26.47,57.96
312.9,4328.0,Arterial,29.7,75.5,Medium,88.1,18.09,49.47
431.9,1162.0,Arterial,26.7,75.6,Medium,7.8,22.41,49.24
475.0,569.0,Arterial,11.1,48.8,Low,70.7,2.0,11.39
77.8,216.0,Residential,5.9,54.6,Medium,92.0,12.98,30.17
463.7,3246.0,Arterial,14.7,42.6,High,27.1,41.61,110.38
248.6,3075.0,Arterial,22.2,88.6,High,37.0,44.38,111.94
132.8,2779.0,Arterial,14.8,68.7,Low,56.9,11.29,8.36
232.3,1237.0,Highway,14.5,86.1,Low,88.2,4.28,19.97
490.1,2015.0,Residential,25.1,48.2,Low,94.2,2.0,5.0
248.8,3013.0,Arterial,10.8,76.9,Medium,74.0,23.88,49.43
167.7,2534.0,Arterial,25.8,76.0,Medium,8.7,22.85,45.24
318.5,4940.0,Arterial,12.2,71.5,Low,66.9,9.81,13.61
123.9,769.0,Arterial,9.8,87.9,Low,41.0,9.91,14.23
42.6,3506.0,Highway,13.6,53.6,Low,47.1,14.95,22.94
68.8,2081.0,Arterial,22.9,37.8,Low,4.9,11.26,15.4
68.4,2198.0,Arterial,3.8,70.3,High,19.1,48.7,118.22
80.2,3616.0,Residential,5.9,73.8,Medium,79.1,25.64,54.53
73.7,3493.0,Residential,28.5,64.5,Low,45.4,10.49,6.07
322.2,4957.0,Residential,5.3,42.4,Low,30.2,8.3,11.7
95.0,729.0,Arterial,17.0,60.3,Low,38.4,8.0,5.0
176.1,610.0,Arterial,17.4,48.7,High,85.4,32.37,92.32
448.9,3649.0,Highway,14.7,55.6,Low,74.9,14.09,16.24
239.6,2934.0,Residential,19.3,68.7,Low,27.2,2.0,5.0
335.4,1443.0,Arterial,6.9,74.7,Low,11.8,13.18,26.35
90.3,489.0,Arterial,16.6,43.9,Medium,25.2,19.03,41.81
100.2,520.0,Arterial,11.2,54.3,Medium,92.1,16.34,47.82
25.2,4482.0,Highway,19.9,46.1,Medium,58.2,29.87,60.64
88.6,1040.0,Arterial,4.2,41.9,Low,53.3,11.05,25.34
142.9,1685.0,Highway,17.1,77.0,Low,59.6,8.67,11.18
92.6,1211.0,Residential,5.6,84.6,Low,36.6,8.9,9.15
48.9,1839.0,Arterial,8.4,52.2,Medium,80.7,21.86,54.22
64.7,440.0,Highway,6.6,75.1,Low,52.3,13.72,18.4
233.1,2643.0,Arterial,5.5,83.8,Low,11.7,16.2,20.09
107.1,431.0,Highway,24.8,80.8,Medium,12.9,24.53,52.4
185.3,4022.0,Arterial,8.6,41.0,Medium,53.7,27.33,58.77
254.2,1245.0,Residential,27.8,87.4,Low,93.7,2.0,9.71
346.7,2746.0,Highway,29.1,52.6,Low,30.8,7.27,5.0
24.5,4412.0,Residential,17.1,50.4,Low,87.0,9.55,14.44
400.7,3289.0,Highway,4.3,33.7,Medium,76.4,31.84,68.89
315.8,2711.0,Arterial,11.2,59.2,Medium,24.8,23.57,54.32
45.5,1689.0,Residential,23.9,36.5,Low,3.6,2.0,9.55
437.4,1732.0,Arterial,11.0,44.9,Low,10.2,10.12,14.81
460.8,3380.0,Highway,2.6,49.0,Medium,72.8,27.23,57.92
35.2,4971.0,Arterial,16.7,78.5,Medium,20.0,40.29,81.39
142.1,3343.0,Arterial,25.4,82.5,Low,37.1,9.67,15.0
404.1,2833.0,Residential,23.9,48.1,Low,50.2,2.0,5.0
375.4,3680.0,Arterial,5.3,81.5,Low,72.5,7.3,13.54
96.3,2380.0,Residential,20.2,81.4,Low,11.3,10.76,12.87
108.6,395.0,Residential,6.6,75.9,High,40.6,37.43,95.09
188.4,2855.0,Arterial,6.5,38.8,Medium,48.5,25.48,53.58
244.8,4792.0,Residential,26.2,71.4,Medium,54.1,21.74,57.37
311.0,959.0,Arterial,7.5,86.7,Low,81.8,2.88,5.0
187.6,3481.0,Residential,7.9,71.0,Medium,17.2,25.81,58.69
234.0,1085.0,Highway,0.0,49.9,Low,80.8,10.61,16.09
375.0,2726.0,Arterial,26.1,60.0,Low,69.3,3.88,5.0
23.2,574.0,Arterial,23.8,68.7,Low,55.6,7.3,12.49
130.0,2307.0,Arterial,18.8,60.6,Low,70.0,4.59,9.27
358.1,3805.0,Arterial,22.5,37.2,Medium,41.2,22.02,53.98
448.1,1803.0,Residential,4.6,48.7,Low,13.8,4.96,5.0
258.3,3358.0,Highway,13.7,78.1,Low,66.6,9.29,20.77
268.4,3998.0,Highway,10.5,81.7,Low,52.5,18.25,23.69
58.1,4643.0,Residential,2.8,38.2,Low,63.9,16.48,28.15
226.5,1250.0,Arterial,14.6,87.1,Low,33.8,5.6,12.1
268.6,2057.0,Residential,27.6,49.7,Low,90.7,2.0,5.0
125.0,847.0,Residential,1.2,69.7,Medium,58.7,16.66,46.29
138.3,4963.0,Residential,8.7,75.1,Low,8.5,17.51,24.33
191.8,4642.0,Residential,6.2,78.7,Low,45.0,12.68,8.66
14.9,2746.0,Arterial,7.1,86.7,Low,75.6,14.11,27.0
164.4,4226.0,Highway,27.3,48.8,Medium,79.4,21.8,46.83
109.7,2653.0,Residential,14.0,81.5,Low,49.5,6.09,5.0
167.1,3156.0,Arterial,14.0,37.9,Low,89.5,2.0,5.0
64.3,537.0,Highway,22.8,72.3,Low,26.8,12.24,19.72
445.8,3801.0,Arterial,4.6,74.5,Low,41.1,16.24,24.08
298.8,726.0,Residential,14.6,70.7,Low,89.9,2.0,5.74
341.2,4148.0,Arterial,12.9,45.1,Medium,89.6,16.45,35.98
395.6,3932.0,Arterial,17.9,82.4,Medium,68.6,27.53,55.58
251.7,3573.0,Arterial,30.0,40.1,Low,85.9,2.0,5.0
48.0,277.0,Arterial,23.1,33.2,Medium,8.9,25.03,65.03
270.9,1585.0,Arterial,11.9,73.0,Medium,86.5,17.92,44.31
295.5,1389.0,Arterial,24.8,58.5,Low,32.1,3.18,10.2
374.0,1865.0,Highway,5.1,80.9,Low,17.8,18.92,28.57
218.7,529.0,Residential,0.9,53.0,Low,23.9,2.6,5.0
68.2,4691.0,Arterial,6.1,40.1,Low,41.8,17.29,24.7
145.5,2814.0,Residential,10.2,80.2,Medium,25.1,22.94,51.57
184.7,1597.0,Residential,15.3,62.9,Medium,32.1,14.13,42.21
324.7,2045.0,Arterial,18.5,41.4,High,13.5,43.71,114.44
287.5,2291.0,Arterial,27.3,73.2,Medium,29.6,19.97,49.75
181.3,3043.0,Arterial,15.3,60.7,Low,57.2,7.93,17.82
493.3,2627.0,Residential,15.0,66.3,Low,44.2,2.0,5.0
304.9,4605.0,Arterial,1.5,57.7,Medium,34.7,36.5,70.68
122.4,2535.0,Arterial,1.0,79.7,Low,74.6,14.28,17.79
55.4,4962.0,Arterial,16.5,79.8,Medium,89.4,29.84,64.34
80.7,4272.0,Arterial,13.1,72.6,Medium,75.7,25.94,55.11
126.7,1122.0,Highway,25.2,36.3,Medium,33.2,18.3,49.1
84.5,4660.0,Arterial,4.8,80.3,Medium,74.4,36.41,67.96
97.4,670.0,Residential,0.7,70.3,Low,15.2,8.75,13.34
146.1,4106.0,Arterial,13.5,71.8,Medium,13.0,29.23,65.28
90.8,1965.0,Arterial,7.1,51.8,Medium,34.6,28.14,49.88
448.9,4402.0,Arterial,1.5,82.8,Low,80.8,15.7,34.16
44.7,4353.0,Residential,21.7,73.5,Medium,24.6,25.68,55.11
264.6,4049.0,Highway,3.3,36.8,Low,6.3,25.97,28.83
208.1,3971.0,Residential,18.2,54.5,High,13.2,46.44,112.45
491.3,1593.0,Arterial,8.4,83.2,Low,85.9,2.0,5.0
60.5,497.0,Arterial,5.2,32.8,Low,63.4,4.48,6.31
201.9,2075.0,Highway,11.4,87.7,Low,25.3,19.83,34.7
484.9,950.0,Highway,24.0,70.7,Medium,55.5,12.16,39.98
433.4,3505.0,Arterial,11.8,67.9,Low,52.8,9.0,14.99
409.5,1796.0,Arterial,22.5,46.2,Low,65.5,2.0,5.25
132.7,4880.0,Residential,3.8,44.9,Low,23.3,12.33,17.97
89.6,3241.0,Highway,23.2,86.5,High,86.4,45.3,118.83
336.0,4130.0,Arterial,7.1,47.9,Low,30.9,12.71,11.68
465.0,749.0,Arterial,20.3,76.5,Low,69.4,2.0,5.0
280.6,4324.0,Highway,17.0,53.6,Medium,1.6,31.5,65.58
287.9,4622.0,Highway,27.9,38.4,Low,37.3,19.62,33.49
143.6,2487.0,Arterial,11.6,30.6,High,35.2,50.16,113.02
385.9,3071.0,Arterial,2.0,62.7,Low,54.3,7.84,5.0
97.6,3848.0,Arterial,0.6,88.5,Medium,7.3,41.79,81.46
165.2,957.0,Arterial,24.8,52.1,Low,79.0,2.0,5.0
215.6,2563.0,Arterial,15.7,51.4,Low,21.8,10.43,23.09
256.3,2053.0,Highway,23.3,50.6,Medium,67.7,21.6,44.05
125.0,817.0,Arterial,7.0,61.2,Low,80.3,2.9,10.13
61.8,1901.0,Residential,10.4,56.4,Medium,56.2,22.57,63.69
307.3,434.0,Arterial,0.9,82.8,Low,74.1,6.24,7.48
147.9,226.0,Arterial,28.8,60.3,Low,66.2,2.0,5.0
292.7,762.0,Arterial,20.0,60.5,Low,35.6,2.0,5.0
81.4,4819.0,Residential,28.0,38.3,High,80.9,33.56,92.41
243.2,2793.0,Residential,8.0,89.0,Low,29.5,3.78,8.48
268.6,4833.0,Arterial,18.3,45.0,Low,57.1,9.54,11.36
30.7,2219.0,Residential,20.4,34.4,Low,74.5,2.0,10.78
171.6,1628.0,Highway,9.5,69.8,Low,37.9,14.0,15.43
71.5,2580.0,Highway,25.4,65.7,Low,30.3,18.33,18.8
36.4,2254.0,Residential,28.4,54.9,High,45.9,40.49,108.27
495.0,618.0,Residential,26.5,55.3,Low,81.8,2.0,5.0
164.6,3240.0,Highway,22.2,77.1,Medium,93.0,23.9,52.84
405.9,1159.0,Arterial,8.3,41.7,Low,54.5,10.08,30.71
131.0,3136.0,Highway,8.4,79.2,Medium,66.1,32.88,67.26
342.3,3286.0,Arterial,28.9,68.9,High,90.3,34.65,88.38
381.3,845.0,Residential,0.3,55.1,Low,9.9,2.2,5.0
299.8,401.0,Arterial,21.5,57.5,High,23.2,39.68,101.26
238.4,3926.0,Arterial,21.2,45.4,Low,70.9,8.21,13.11
208.9,2353.0,Arterial,18.7,75.1,High,82.4,37.03,100.86
177.7,385.0,Highway,29.7,60.8,Medium,85.7,16.83,38.05
465.1,4975.0,Arterial,9.4,49.3,Low,41.5,12.07,26.55
416.2,383.0,Arterial,10.2,65.8,Low,8.9,7.48,12.45
482.7,3506.0,Residential,2.4,89.7,Low,43.8,2.0,6.63
66.5,4920.0,Residential,13.3,56.1,Low,23.1,12.26,15.25
366.8,1272.0,Highway,7.8,85.2,Low,29.1,17.64,32.89
469.5,797.0,Residential,10.3,50.7,Low,77.2,2.0,5.0
94.7,695.0,Residential,25.0,33.3,Low,7.6,2.0,5.0
37.9,1586.0,Residential,28.1,42.3,Medium,82.8,9.0,26.83
371.9,595.0,Arterial,5.6,55.1,Low,42.8,7.24,5.87
289.4,3492.0,Arterial,11.2,43.2,Low,59.6,7.84,15.2
421.7,405.0,Arterial,27.9,30.0,Medium,9.0,13.15,35.5
74.2,2596.0,Highway,1.9,84.9,Low,33.7,25.87,34.53
398.7,4984.0,Arterial,2.8,80.6,Low,9.0,23.08,31.4
104.8,4088.0,Arterial,4.9,74.5,Low,96.2,9.69,18.02
86.0,3115.0,Arterial,17.9,40.1,High,80.7,42.36,102.4
86.3,1601.0,Residential,4.5,37.2,Medium,46.0,21.79,50.09
408.2,3157.0,Arterial,29.0,34.1,Low,22.4,6.97,10.53
334.3,2683.0,Highway,13.4,73.4,Medium,93.3,18.97,36.87
263.9,2188.0,Residential,15.0,85.7,Low,34.5,7.56,5.0
182.6,740.0,Residential,7.4,55.8,Medium,16.1,18.31,47.14
439.2,4444.0,Residential,14.1,37.1,Medium,56.3,17.63,40.76
199.3,2304.0,Residential,19.9,60.7,Medium,94.4,19.56,52.63
409.2,1054.0,Arterial,22.5,50.9,Low,0.4,6.73,14.92
222.4,1902.0,Residential,22.6,52.5,Low,23.8,2.0,6.6
191.6,2129.0,Highway,17.3,67.3,Low,93.8,2.0,12.1
234.0,4155.0,Arterial,27.1,73.1,Medium,17.1,30.37,63.13
154.2,3695.0,Arterial,24.5,36.6,Low,11.3,6.61,13.16
375.1,3870.0,Highway,22.7,32.1,Medium,57.0,21.96,48.02
253.8,154.0,Highway,1.7,89.7,High,86.2,43.6,119.66
119.9,2139.0,Arterial,0.2,44.0,Low,47.7,16.3,34.37
450.3,2459.0,Residential,6.4,33.2,Medium,99.5,14.82,40.28
195.0,194.0,Arterial,19.9,41.4,Medium,67.9,13.66,40.43
274.1,1373.0,Highway,12.3,32.3,High,7.4,49.61,123.22
453.7,3825.0,Residential,12.1,53.5,High,99.3,32.74,90.37
314.0,772.0,Arterial,26.5,78.1,Medium,40.8,17.32,40.7
62.9,2723.0,Arterial,26.9,50.5,Low,28.7,8.94,17.78
470.2,1154.0,Arterial,27.3,56.7,Medium,55.8,16.98,43.86
315.7,159.0,Arterial,9.4,70.5,Low,30.4,9.36,14.96
170.8,1282.0,Arterial,20.7,60.5,Medium,8.6,24.7,50.87
73.9,4882.0,Residential,8.1,81.7,High,0.1,51.67,110.91
398.0,4028.0,Arterial,5.7,82.0,Low,45.0,16.19,25.46
311.9,4802.0,Arterial,5.5,30.6,Medium,83.7,24.34,59.03
269.1,2490.0,Residential,10.3,76.7,Low,57.2,2.0,5.0
447.5,638.0,Residential,12.9,57.6,Low,99.9,2.0,10.18
395.4,2785.0,Highway,24.9,89.3,Low,28.7,12.98,15.95
80.1,2326.0,Highway,3.6,59.0,Medium,28.0,37.66,69.21
159.3,4237.0,Highway,22.0,89.2,High,16.0,54.02,122.69
128.0,581.0,Arterial,15.9,75.3,High,16.4,40.15,101.82
373.3,2492.0,Arterial,8.6,44.9,Low,28.5,10.11,19.01
21.6,835.0,Highway,14.8,62.3,Medium,79.3,26.53,53.91
287.1,1691.0,Residential,9.0,89.5,Medium,90.6,15.33,47.84
382.4,3713.0,Arterial,17.9,81.5,Low,97.5,7.24,20.7
439.0,2432.0,Arterial,13.0,35.8,Low,23.2,11.31,16.77
174.3,1942.0,Arterial,4.9,72.4,Low,88.1,5.09,13.89
411.5,2033.0,Arterial,3.5,50.7,High,32.8,43.38,101.78
59.8,2351.0,Highway,16.4,30.4,Medium,11.3,28.84,66.64
424.0,3947.0,Arterial,27.1,54.2,Medium,87.0,18.77,51.4
68.1,4471.0,Residential,10.3,44.1,Low,63.6,12.57,23.16
201.7,4781.0,Arterial,22.0,79.1,Medium,16.5,28.71,60.98
399.7,3956.0,Arterial,19.8,50.2,Low,43.0,7.49,5.0
79.2,1645.0,Arterial,27.9,79.7,Low,28.7,11.65,14.26
118.5,3472.0,Highway,24.6,30.0,Medium,73.7,25.64,53.33
362.5,2244.0,Highway,17.0,48.5,Low,45.3,11.8,12.8
361.4,1348.0,Arterial,19.7,44.5,Medium,98.9,8.75,31.74
322.4,4220.0,Arterial,27.0,44.0,Low,5.5,12.49,16.64
348.5,288.0,Highway,12.0,34.1,Medium,35.5,20.63,44.83
273.6,4519.0,Residential,9.8,41.2,Low,48.2,3.71,5.0
129.6,2361.0,Residential,0.3,63.3,Low,50.3,6.98,6.89
176.1,3222.0,Residential,24.8,47.5,Low,31.6,2.0,8.61
94.9,3331.0,Residential,24.0,55.0,Low,72.9,2.0,5.0
454.7,4486.0,Arterial,3.1,52.6,High,87.5,40.35,99.95
293.8,3220.0,Residential,17.3,82.6,Low,93.9,2.49,5.0
203.4,3108.0,Highway,13.9,84.3,Medium,80.5,30.95,66.12
233.7,427.0,Residential,3.6,59.6,High,85.1,27.5,85.53
473.9,2640.0,Residential,29.4,49.8,Low,55.1,2.0,5.0
80.9,836.0,Residential,6.4,36.4,Low,82.6,2.0,8.11
295.2,3713.0,Residential,2.0,87.2,Medium,30.4,29.34,69.19
255.4,2610.0,Arterial,17.8,33.6,High,39.8,41.26,98.64
307.7,3433.0,Arterial,22.2,47.9,High,31.7,43.06,101.73
14.0,304.0,Arterial,1.0,47.9,Low,46.7,12.07,15.85
436.7,515.0,Arterial,19.8,49.2,Medium,28.6,21.18,45.99
466.4,3610.0,Highway,16.0,39.9,Low,96.2,3.79,6.81
284.7,453.0,Arterial,3.1,77.0,High,31.3,46.21,101.58
349.8,449.0,Residential,5.2,37.3,High,9.8,41.82,99.13
461.6,159.0,Highway,17.0,68.1,Low,52.7,8.22,20.02
355.1,4787.0,Residential,8.9,37.4,Low,5.7,18.43,23.01
80.5,3714.0,Residential,28.1,34.2,Low,11.1,4.2,12.52
290.3,1831.0,Residential,24.6,84.6,Low,21.9,4.85,9.05
305.3,1553.0,Residential,29.5,41.4,Medium,46.4,9.91,23.82
214.9,1814.0,Arterial,7.8,79.3,Low,43.3,13.87,23.98
369.5,3896.0,Residential,29.1,62.7,Low,80.0,2.0,5.0
467.5,3341.0,Residential,12.9,34.7,Low,73.9,2.0,5.0
463.2,1007.0,Highway,10.4,87.3,High,42.6,50.63,119.17
228.2,953.0,Arterial,1.5,44.8,Medium,33.4,23.01,54.89
61.1,582.0,Residential,1.6,81.6,Low,31.6,4.11,9.7
492.5,3335.0,Arterial,20.8,40.1,Low,77.4,2.0,8.89
420.3,3845.0,Arterial,13.7,81.2,High,5.2,51.88,121.86
66.7,1399.0,Arterial,6.8,30.8,Medium,1.3,32.92,60.5
460.8,203.0,Highway,18.4,60.7,Low,79.6,3.02,5.0
435.6,503.0,Arterial,7.6,76.2,Low,47.7,9.56,29.06
261.8,4843.0,Residential,17.3,86.1,Low,13.1,7.26,14.52
297.7,1548.0,Arterial,10.8,84.6,Low,23.6,9.01,25.36
202.5,3869.0,Highway,24.7,79.2,Low,93.3,8.46,19.67
32.1,3161.0,Highway,24.6,83.3,High,86.0,47.16,113.95
170.9,1972.0,Arterial,14.3,42.0,Low,71.0,4.6,8.41
402.4,1108.0,Residential,10.5,47.1,Medium,48.2,16.66,42.81
7.3,695.0,Arterial,10.9,47.3,Low,52.0,9.73,5.9
170.1,3114.0,Arterial,24.2,52.6,Medium,97.5,16.99,43.57
202.1,3896.0,Arterial,9.8,53.6,Medium,96.6,22.1,57.2
271.0,3255.0,Arterial,6.3,62.7,Low,21.5,11.62,14.43
460.3,2698.0,Residential,2.5,39.6,Low,81.1,2.0,5.06
176.4,306.0,Residential,14.0,71.5,Medium,19.7,17.22,48.09
176.7,4846.0,Highway,14.5,40.1,Low,21.4,19.36,24.5
370.1,4014.0,Arterial,25.2,48.6,Low,67.6,4.39,5.0
228.8,1535.0,Highway,6.6,60.2,Low,40.5,14.39,16.5
116.2,4902.0,Arterial,11.4,77.8,High,93.2,45.12,105.58
229.0,3049.0,Arterial,24.3,74.4,Low,8.9,14.59,15.45
74.7,2954.0,Highway,24.7,68.7,Medium,51.2,24.65,50.48
92.3,3766.0,Arterial,11.5,39.3,Low,91.9,5.62,15.52
251.7,4078.0,Arterial,13.8,62.8,Medium,90.4,30.4,59.02
212.4,3317.0,Residential,9.1,35.2,Low,15.7,5.26,8.52
457.8,728.0,Residential,28.0,52.6,Medium,36.7,5.71,24.05
184.4,1758.0,Highway,3.6,54.8,Low,61.9,15.76,29.53
292.4,4648.0,Residential,28.0,32.4,Medium,15.9,13.32,44.54
318.0,1201.0,Arterial,20.5,46.4,Medium,96.8,11.65,39.8
11.5,1924.0,Arterial,15.9,87.3,Low,91.5,15.67,25.04
333.5,2217.0,Residential,1.0,87.2,Low,16.7,5.57,7.2
93.1,2253.0,Residential,14.3,51.1,Low,12.1,2.0,5.0
480.7,3103.0,Residential,12.2,32.6,Low,8.5,2.0,12.72
78.6,4721.0,Arterial,4.8,40.7,Medium,90.9,29.88,59.01
210.2,1279.0,Arterial,19.7,53.5,Low,19.4,10.06,18.41
47.2,695.0,Residential,29.1,86.9,Low,41.6,2.0,8.3
498.5,1068.0,Arterial,16.9,38.5,Medium,44.9,19.13,43.92
253.6,4446.0,Arterial,21.4,75.8,Low,59.9,13.35,25.22
299.7,3264.0,Arterial,2.1,36.5,Low,7.2,20.97,35.28
38.2,1501.0,Arterial,12.5,88.9,Low,22.7,13.34,28.65
376.2,4098.0,Arterial,3.5,52.9,High,93.1,36.71,94.72
108.9,4321.0,Highway,18.4,76.5,Medium,90.8,26.01,50.58
449.5,4248.0,Residential,28.2,50.6,Medium,78.1,11.26,32.37
106.5,4603.0,Highway,19.9,67.7,Low,1.9,21.31,33.0
99.4,1336.0,Arterial,2.3,41.5,Medium,32.7,26.01,57.3
23.1,3800.0,Arterial,10.6,38.8,Low,62.8,17.06,23.62
238.7,2357.0,Highway,16.5,86.3,Low,27.5,19.18,19.23
284.6,4226.0,Highway,12.1,85.1,Low,91.0,13.16,22.09
37.5,3670.0,Highway,25.0,83.2,Low,63.4,18.65,37.84
388.9,3905.0,Residential,24.4,67.5,Low,7.2,7.28,13.23
229.4,3315.0,Arterial,18.4,78.5,Low,90.9,5.27,10.95
264.6,969.0,Residential,11.2,34.1,Low,95.8,2.0,5.86
223.2,2771.0,Arterial,7.7,50.1,Low,7.8,14.36,23.53
203.4,4925.0,Arterial,3.2,48.8,Medium,53.2,36.55,77.48
282.0,4693.0,Arterial,10.6,68.1,Low,30.3,10.96,18.42
81.8,312.0,Arterial,12.4,51.4,Medium,39.3,20.16,46.68
95.1,908.0,Residential,20.3,38.9,Low,18.0,2.0,5.0
431.6,745.0,Arterial,19.7,65.8,Medium,57.8,17.25,42.64
473.3,3657.0,Arterial,2.1,78.9,Low,95.8,12.53,20.36
189.8,4107.0,Residential,11.9,52.9,Low,50.3,6.7,8.47
139.0,1146.0,Residential,5.5,37.9,Low,8.3,2.57,5.43
323.8,2579.0,Residential,4.7,41.8,Medium,62.0,20.6,51.09
207.3,4219.0,Arterial,24.8,44.2,Medium,34.0,26.39,61.75
17.6,3691.0,Residential,1.3,48.0,Low,85.6,4.18,12.68
82.3,2757.0,Arterial,12.6,68.6,Low,43.5,11.97,18.34
359.4,2993.0,Arterial,5.0,66.1,Medium,19.3,24.3,47.91
331.2,2591.0,Arterial,26.4,71.8,Medium,19.1,20.34,46.78
18.4,1558.0,Arterial,16.7,51.8,Low,76.9,4.36,6.76
114.9,2869.0,Highway,6.9,79.4,Low,26.6,22.89,25.16
119.4,3476.0,Arterial,15.1,42.2,Low,76.7,7.64,18.4
337.6,4379.0,Residential,21.9,58.1,Medium,20.6,17.52,44.99
14.8,3218.0,Arterial,28.7,78.1,Low,32.2,15.62,25.34
56.5,3829.0,Highway,6.6,40.8,High,46.5,50.65,124.81
401.0,884.0,Highway,26.6,36.6,Low,94.3,2.0,5.0
93.4,2362.0,Residential,28.0,83.0,Low,93.2,2.0,5.87
328.1,146.0,Arterial,27.5,50.6,Low,20.7,2.0,5.0
122.9,1309.0,Arterial,19.1,71.0,High,35.8,43.74,106.69
54.2,3660.0,Residential,18.9,31.5,Medium,14.9,25.27,52.05
125.4,4960.0,Residential,12.1,71.4,Low,51.0,14.09,29.47
362.5,586.0,Arterial,22.6,49.0,Medium,46.1,15.2,38.93
428.6,2067.0,Arterial,15.9,33.3,Low,90.1,2.0,6.5
416.0,4020.0,Residential,20.3,66.6,Low,93.0,2.0,5.0
201.6,1100.0,Arterial,12.9,44.4,Low,38.4,6.65,15.88
335.7,2820.0,Highway,21.9,53.2,Low,49.2,11.48,22.48
106.5,3692.0,Residential,24.7,34.8,Low,89.6,2.0,5.0
150.1,3118.0,Arterial,4.4,38.8,High,80.7,38.35,98.38
448.7,1021.0,Arterial,25.0,47.9,Low,0.4,5.68,10.52
11.4,1841.0,Arterial,16.2,35.4,High,32.0,48.44,126.11
47.3,3941.0,Highway,25.3,84.6,Low,42.2,15.5,14.43
107.9,2816.0,Highway,12.9,30.4,Medium,23.0,27.74,63.52
18.1,126.0,Residential,11.4,59.0,Low,20.0,11.32,12.42
94.8,3829.0,Highway,27.5,37.4,Low,3.8,18.26,27.3
293.6,273.0,Arterial,7.5,48.5,Low,64.3,2.22,5.0
213.6,3754.0,Arterial,25.3,85.6,Low,26.3,7.41,8.98
446.9,1092.0,Highway,14.5,39.7,Medium,5.2,24.62,54.87
409.6,4795.0,Residential,15.4,87.9,Low,23.1,13.92,15.21
174.2,1903.0,Arterial,9.3,42.3,Medium,80.2,20.21,53.46
133.4,1702.0,Arterial,17.2,74.5,Low,85.1,2.0,5.0
192.9,830.0,Arterial,9.8,62.8,Low,48.3,8.04,14.75
297.2,1597.0,Arterial,1.2,83.1,Low,41.6,9.0,11.86
137.7,4396.0,Highway,8.2,63.2,High,97.8,54.36,117.69
314.0,4982.0,Residential,0.2,62.1,Medium,20.1,33.56,69.35
207.7,1905.0,Residential,29.4,41.7,Low,21.5,2.0,5.0
278.3,2298.0,Arterial,29.0,40.0,Low,29.2,2.0,5.0
220.9,3638.0,Arterial,11.9,85.0,Low,17.3,7.58,5.0
150.8,4442.0,Residential,21.9,49.7,High,37.9,36.53,99.1
474.5,3006.0,Residential,10.4,52.3,Medium,91.1,10.06,28.47
383.0,2018.0,Arterial,20.1,75.6,Low,61.5,4.13,5.0
74.4,2122.0,Arterial,24.2,50.3,Low,41.2,5.77,10.12
434.9,3509.0,Arterial,28.4,87.1,Low,93.4,2.0,5.0
246.3,116.0,Residential,12.0,74.3,High,4.8,37.99,98.7
447.8,3136.0,Residential,23.5,65.8,Low,21.0,4.71,5.0
400.9,1842.0,Highway,8.0,82.9,Medium,56.6,29.37,65.2
215.5,3992.0,Arterial,29.7,33.0,Low,61.6,2.0,11.82
16.1,556.0,Residential,0.8,45.4,Medium,4.0,26.69,72.0
138.0,2982.0,Residential,18.1,57.9,Medium,40.3,15.38,41.52
273.1,2457.0,Residential,19.8,43.6,Medium,64.9,16.15,46.16
318.6,3247.0,Residential,20.6,74.6,Medium,69.8,17.87,35.9
132.7,418.0,Arterial,3.6,85.2,Medium,63.8,20.14,55.73
74.0,2942.0,Arterial,28.2,55.4,Low,32.1,6.07,12.99
418.3,2851.0,Arterial,5.4,50.5,Low,9.4,12.2,15.88
492.3,2847.0,Highway,18.7,87.7,Low,42.7,6.04,15.25
265.2,3057.0,Arterial,6.7,56.7,High,12.9,50.5,116.47
90.0,3415.0,Residential,9.2,59.3,Low,94.8,2.72,5.0
139.8,4044.0,Highway,16.4,51.1,Medium,47.5,33.99,71.36
14.1,1422.0,Residential,12.5,84.6,Medium,31.7,21.42,44.81
457.6,4143.0,Arterial,4.8,64.1,Low,76.6,8.27,17.52
63.3,2541.0,Residential,5.1,75.7,Low,49.8,4.51,5.0
290.4,478.0,Highway,12.5,78.7,Low,31.0,8.66,7.75
140.7,387.0,Arterial,22.7,50.5,Low,81.2,2.0,5.0
279.3,1738.0,Arterial,26.9,56.0,Low,86.7,2.0,6.8
327.5,3946.0,Arterial,2.5,80.9,Low,67.3,10.77,13.07
415.7,3568.0,Residential,11.8,51.8,Medium,4.7,24.03,47.3
107.2,3964.0,Residential,3.0,77.6,High,56.6,44.73,106.07
10.4,2635.0,Highway,0.5,86.5,Low,76.3,18.13,27.03
72.8,2257.0,Arterial,19.9,67.4,Low,13.7,11.46,11.28
450.5,823.0,Arterial,18.1,74.5,Low,22.9,7.23,5.09
437.6,1708.0,Arterial,4.9,78.3,Medium,88.2,16.25,52.93
300.7,2227.0,Residential,7.0,80.7,Medium,2.0,27.19,54.48
302.3,534.0,Residential,0.7,53.7,Low,75.3,2.0,5.0
334.2,1181.0,Arterial,25.0,33.1,Low,47.4,2.0,5.0
91.8,3031.0,Residential,29.2,54.1,Medium,44.7,18.06,42.98
457.6,3705.0,Arterial,4.1,70.4,Medium,0.7,30.39,66.7
212.3,4992.0,Residential,6.9,57.0,Low,81.9,6.95,15.16
194.7,4672.0,Arterial,26.1,74.9,Medium,36.0,25.18,54.24
261.9,3249.0,Residential,27.8,51.4,Low,54.1,2.0,5.0
28.2,2164.0,Residential,12.6,68.1,Low,67.7,2.0,9.37
87.3,3217.0,Arterial,1.5,41.2,Medium,70.3,21.56,49.87
370.3,3950.0,Residential,1.2,75.0,Medium,95.6,21.75,59.27
46.0,680.0,Highway,17.2,62.7,Low,53.1,14.43,10.42
303.6,2109.0,Arterial,11.8,42.2,High,40.0,39.63,102.42
126.4,4215.0,Arterial,0.9,47.5,Low,95.4,10.58,25.47
197.7,1981.0,Residential,17.5,74.9,Medium,64.2,16.34,40.74
147.9,2902.0,Residential,0.3,59.0,Low,29.8,12.74,17.99
181.1,2980.0,Residential,23.6,43.0,Medium,12.6,13.27,39.38
360.9,1004.0,Residential,9.2,88.0,High,84.3,30.79,85.38
152.1,1875.0,Arterial,1.2,72.9,Low,36.2,12.35,16.97
285.4,1739.0,Residential,17.7,87.4,High,66.0,36.74,95.43
240.6,228.0,Arterial,11.9,55.6,Medium,47.1,26.47,54.57
333.5,219.0,Arterial,29.2,58.5,Medium,19.9,15.3,47.09
468.7,4175.0,Highway,16.3,83.9,Low,60.2,10.1,17.46
367.6,1438.0,Residential,8.3,61.5,Medium,6.1,22.25,52.63
111.4,2639.0,Residential,21.3,72.4,Medium,41.3,22.9,56.39
20.4,1564.0,Arterial,8.1,45.1,Low,54.7,11.67,16.18
134.8,4709.0,Highway,27.1,56.8,High,43.6,47.22,108.96
299.6,1371.0,Residential,11.2,37.4,Low,74.9,2.0,5.0
30.5,2205.0,Highway,16.5,42.4,Low,82.8,13.39,20.1
250.7,4376.0,Residential,1.5,30.1,Low,77.1,2.95,5.0
300.4,4225.0,Residential,12.8,32.4,Low,3.9,10.57,13.36
170.5,1012.0,Arterial,25.0,88.6,Medium,19.4,24.73,52.51
386.6,4033.0,Arterial,24.2,44.5,Low,53.7,9.3,24.58
57.8,2345.0,Residential,6.7,69.8,High,93.5,38.47,85.83
42.2,2467.0,Residential,6.8,80.3,Low,83.5,4.96,6.54
365.5,754.0,Arterial,24.5,63.0,Low,84.3,2.0,11.63
250.3,495.0,Residential,27.9,39.2,Low,30.3,2.0,5.0
345.8,3667.0,Highway,2.9,73.7,Low,42.9,20.48,34.49
220.2,2533.0,Arterial,13.5,66.0,High,47.1,39.7,102.05
127.0,2241.0,Residential,10.1,73.9,Medium,15.7,27.06,55.25
410.5,3675.0,Residential,26.1,76.2,Medium,3.1,20.2,37.09
400.7,3851.0,Highway,2.5,88.5,Low,94.7,18.72,29.11
348.9,879.0,Residential,6.3,64.4,Low,24.1,5.43,5.0
139.7,3090.0,Arterial,22.6,50.5,Low,24.0,5.97,5.0
297.2,763.0,Arterial,1.5,68.9,Low,8.3,16.56,22.34
183.7,3782.0,Highway,14.8,34.1,Low,92.9,14.77,30.88
50.3,3319.0,Residential,13.3,83.8,Medium,58.0,25.82,68.76
459.1,4787.0,Highway,10.0,37.2,Low,66.7,12.21,19.39
72.7,438.0,Arterial,11.8,49.7,Medium,91.2,16.17,39.94
475.4,380.0,Arterial,15.9,78.9,Low,34.6,4.58,5.0
225.8,1483.0,Residential,4.8,65.8,Low,62.2,2.0,5.34
